cohort_month,m2_logo_retention,m2_net_retention_proxy
2021-01,0.35833333333333334,0.2916666666666667
2021-02,0.31,0.24489795918367346
2021-03,0.3111111111111111,0.23076923076923078
